address_full,Name
"1 MAIN STREET,DOWNTOWN-FULTON FERRY,brooklyn,NY",Prop001
"31 WASHINGTON STREET,DOWNTOWN-FULTON FERRY,brooklyn,NY",Prop002
"133 WATER STREET,DOWNTOWN-FULTON FERRY,brooklyn,NY",Prop003
"50 BRIDGE STREET,DOWNTOWN-FULTON FERRY,brooklyn,NY",Prop004
"4 WATER STREET,DOWNTOWN-FULTON FERRY,brooklyn,NY",Prop005
"30 MAIN STREET,DOWNTOWN-FULTON FERRY,brooklyn,NY",Prop006
"42 MAIN STREET,DOWNTOWN-FULTON FERRY,brooklyn,NY",Prop007
"57 FRONT STREET,DOWNTOWN-FULTON FERRY,brooklyn,NY",Prop008
"70 WASHINGTON STREET,DOWNTOWN-FULTON FERRY,brooklyn,NY",Prop009
"84 FRONT STREET,DOWNTOWN-FULTON FERRY,brooklyn,NY",Prop010
"85 ADAMS STREET,DOWNTOWN-FULTON FERRY,brooklyn,NY",Prop011
"100 JAY STREET,DOWNTOWN-FULTON FERRY,brooklyn,NY",Prop012
"433 WARREN STREET,BOERUM HILL,brooklyn,NY",Prop013
"79 BRIDGE STREET,DOWNTOWN-FULTON FERRY,brooklyn,NY",Prop014
"206 FRONT STREET,DOWNTOWN-FULTON FERRY,brooklyn,NY",Prop015
"189 BRIDGE STREET,DOWNTOWN-METROTECH,brooklyn,NY",Prop016
"306 GOLD STREET,DOWNTOWN-METROTECH,brooklyn,NY",Prop017
"53 BOERUM PLACE,DOWNTOWN-FULTON MALL,brooklyn,NY",Prop018
"75 SMITH STREET,BOERUM HILL,brooklyn,NY",Prop019
"503 ATLANTIC AVENUE,BOERUM HILL,brooklyn,NY",Prop020
"457 ATLANTIC AVENUE,BOERUM HILL,brooklyn,NY",Prop021
"560 STATE STREET,BOERUM HILL,brooklyn,NY",Prop022
"556 STATE STREET,BOERUM HILL,brooklyn,NY",Prop023
"497 PACIFIC STREET,BOERUM HILL,brooklyn,NY",Prop024
"52 3 AVENUE,BOERUM HILL,brooklyn,NY",Prop025
"321 DEAN STREET,BOERUM HILL,brooklyn,NY",Prop026
"40 DEAN STREET,BOERUM HILL,brooklyn,NY",Prop027
"52 DEAN STREET,BOERUM HILL,brooklyn,NY",Prop028
"55 POPLAR STREET,BROOKLYN HEIGHTS,brooklyn,NY",Prop029
"75 POPLAR STREET,BROOKLYN HEIGHTS,brooklyn,NY",Prop030
"205 HICKS STREET,BROOKLYN HEIGHTS,brooklyn,NY",Prop031
"360 FURMAN STREET,BROOKLYN HEIGHTS,brooklyn,NY",Prop032
"166 MONTAGUE STREET,BROOKLYN HEIGHTS,brooklyn,NY",Prop033
"132 REMSEN STREET,BROOKLYN HEIGHTS,brooklyn,NY",Prop034
"60 STATE STREET,BROOKLYN HEIGHTS,brooklyn,NY",Prop035
"64 COURT STREET,BROOKLYN HEIGHTS,brooklyn,NY",Prop036
"110 LIVINGSTON STREET,DOWNTOWN-FULTON MALL,brooklyn,NY",Prop037
"110 LIVINGSTON STREET,DOWNTOWN-FULTON MALL,brooklyn,NY",Prop038
"304 HENRY STREET,BROOKLYN HEIGHTS,brooklyn,NY",Prop039
"141 ATLANTIC AVENUE,BROOKLYN HEIGHTS,brooklyn,NY",Prop040
"125 COURT STREET,BOERUM HILL,brooklyn,NY",Prop041
"120 BOERUM PLACE,BOERUM HILL,brooklyn,NY",Prop042
"25 BERGEN STREET,BOERUM HILL,brooklyn,NY",Prop043
"124 ATLANTIC AVENUE,COBBLE HILL,brooklyn,NY",Prop044
"158 ATLANTIC AVENUE,COBBLE HILL,brooklyn,NY",Prop045
"200 ATLANTIC AVENUE,COBBLE HILL,brooklyn,NY",Prop046
"401 HICKS STREET,COBBLE HILL,brooklyn,NY",Prop047
"414 HICKS STREET,COBBLE HILL-WEST,brooklyn,NY",Prop048
"42 TIFFANY PLACE,COBBLE HILL-WEST,brooklyn,NY",Prop049
"60 TIFFANY PLACE,COBBLE HILL-WEST,brooklyn,NY",Prop050
"20 TIFFANY PLACE,COBBLE HILL-WEST,brooklyn,NY",Prop051
"10208 KANE STREET,COBBLE HILL-WEST,brooklyn,NY",Prop052
"63 TIFFANY PLACE,COBBLE HILL-WEST,brooklyn,NY",Prop053
"29 TIFFANY PLACE,COBBLE HILL-WEST,brooklyn,NY",Prop054
"501 HICKS STREET,COBBLE HILL,brooklyn,NY",Prop055
"192 DE GRAW STREET,COBBLE HILL,brooklyn,NY",Prop056
"158 SACKETT STREET,COBBLE HILL-WEST,brooklyn,NY",Prop057
"156 SACKETT STREET,COBBLE HILL-WEST,brooklyn,NY",Prop058
"358 COURT STREET,CARROLL GARDENS,brooklyn,NY",Prop059
"69 CARROLL STREET,COBBLE HILL-WEST,brooklyn,NY",Prop060
"296 COLUMBIA STREET,COBBLE HILL-WEST,brooklyn,NY",Prop061
"653 HICKS STREET,CARROLL GARDENS,brooklyn,NY",Prop062
"529 CLINTON STREET,CARROLL GARDENS,brooklyn,NY",Prop063
"328 BERGEN STREET,BOERUM HILL,brooklyn,NY",Prop064
"173 SMITH STREET,BOERUM HILL,brooklyn,NY",Prop065
"318 WARREN STREET,BOERUM HILL,brooklyn,NY",Prop066
"209 SMITH STREET,CARROLL GARDENS,brooklyn,NY",Prop067
"378 BALTIC STREET,CARROLL GARDENS,brooklyn,NY",Prop068
"463 DE GRAW STREET,GOWANUS,brooklyn,NY",Prop069
"344 DE GRAW STREET,CARROLL GARDENS,brooklyn,NY",Prop070
"294 SMITH STREET,CARROLL GARDENS,brooklyn,NY",Prop071
"376 PRESIDENT STREET,GOWANUS,brooklyn,NY",Prop072
"395 SMITH STREET,CARROLL GARDENS,brooklyn,NY",Prop073
"191 LUQUER STREET,CARROLL GARDENS,brooklyn,NY",Prop074
"505 COURT STREET,CARROLL GARDENS,brooklyn,NY",Prop075
"529 COURT STREET,CARROLL GARDENS,brooklyn,NY",Prop076
"660 4 AVENUE,SUNSET PARK,brooklyn,NY",Prop077
"224 22 STREET,SUNSET PARK,brooklyn,NY",Prop078
"811 5 AVENUE,SUNSET PARK,brooklyn,NY",Prop079
"415 36 STREET,SUNSET PARK,brooklyn,NY",Prop080
"420 42 STREET,SUNSET PARK,brooklyn,NY",Prop081
"702 44 STREET,SUNSET PARK,brooklyn,NY",Prop082
"4602 6 AVENUE,SUNSET PARK,brooklyn,NY",Prop083
"5008 7 AVENUE,SUNSET PARK,brooklyn,NY",Prop084
"531 52 STREET,SUNSET PARK,brooklyn,NY",Prop085
"462 52 STREET,SUNSET PARK,brooklyn,NY",Prop086
"5423 7 AVENUE,SUNSET PARK,brooklyn,NY",Prop087
"238 56 STREET,BUSH TERMINAL,brooklyn,NY",Prop088
"319 18 STREET,SUNSET PARK,brooklyn,NY",Prop089
"315 20 STREET,SUNSET PARK,brooklyn,NY",Prop090
"560 7 AVENUE,SUNSET PARK,brooklyn,NY",Prop091
"259 21 STREET,SUNSET PARK,brooklyn,NY",Prop092
"284 20 STREET,SUNSET PARK,brooklyn,NY",Prop093
"351 21 STREET,SUNSET PARK,brooklyn,NY",Prop094
"35 MC DONALD AVENUE,WINDSOR TERRACE,brooklyn,NY",Prop095
"11 TERRACE PLACE,WINDSOR TERRACE,brooklyn,NY",Prop096
"282 21 STREET,SUNSET PARK,brooklyn,NY",Prop097
"352 21 STREET,SUNSET PARK,brooklyn,NY",Prop098
"708 6 AVENUE,SUNSET PARK,brooklyn,NY",Prop099
"320 23 STREET,SUNSET PARK,brooklyn,NY",Prop100
"313 23 STREET,SUNSET PARK,brooklyn,NY",Prop101
"755 40 STREET,SUNSET PARK,brooklyn,NY",Prop102
"873 42 STREET,BOROUGH PARK,brooklyn,NY",Prop103
"831 43 STREET,BOROUGH PARK,brooklyn,NY",Prop104
"393 DEAN STREET,PARK SLOPE,brooklyn,NY",Prop105
"451 BERGEN STREET,PARK SLOPE,brooklyn,NY",Prop106
"99 4 AVENUE,PARK SLOPE,brooklyn,NY",Prop107
"145 PARK PLACE,PARK SLOPE,brooklyn,NY",Prop108
"1113 5 AVENUE,PARK SLOPE,brooklyn,NY",Prop109
"121 STERLING PLACE,PARK SLOPE,brooklyn,NY",Prop110
"133 STERLING PLACE,PARK SLOPE,brooklyn,NY",Prop111
"100 STERLING PLACE,PARK SLOPE,brooklyn,NY",Prop112
"47 LINCOLN PLACE,PARK SLOPE,brooklyn,NY",Prop113
"675 SACKETT STREET,PARK SLOPE,brooklyn,NY",Prop114
"64 7 AVENUE,PARK SLOPE,brooklyn,NY",Prop115
"712 SACKETT STREET,PARK SLOPE,brooklyn,NY",Prop116
"630 UNION STREET,PARK SLOPE,brooklyn,NY",Prop117
"569 CARROLL STREET,PARK SLOPE,brooklyn,NY",Prop118
"28 GARFIELD PLACE,PARK SLOPE,brooklyn,NY",Prop119
"255 1 STREET,PARK SLOPE,brooklyn,NY",Prop120
"190 GARFIELD PLACE,PARK SLOPE,brooklyn,NY",Prop121
"309 2 STREET,PARK SLOPE,brooklyn,NY",Prop122
"330 2 STREET,PARK SLOPE,brooklyn,NY",Prop123
"306 2 STREET,PARK SLOPE,brooklyn,NY",Prop124
"354 2 STREET,PARK SLOPE,brooklyn,NY",Prop125
"302 2 STREET,PARK SLOPE,brooklyn,NY",Prop126
"343 4 AVENUE,PARK SLOPE,brooklyn,NY",Prop127
"443 4 STREET,PARK SLOPE,brooklyn,NY",Prop128
"251 7 STREET,GOWANUS,brooklyn,NY",Prop129
"267 8 STREET,PARK SLOPE,brooklyn,NY",Prop130
"300 8 STREET,PARK SLOPE,brooklyn,NY",Prop131
"357 9 STREET,PARK SLOPE,brooklyn,NY",Prop132
"340 11 STREET,PARK SLOPE SOUTH,brooklyn,NY",Prop133
"515 5 AVENUE,PARK SLOPE SOUTH,brooklyn,NY",Prop134
"105 15 STREET,GOWANUS,brooklyn,NY",Prop135
"544 5 AVENUE,PARK SLOPE SOUTH,brooklyn,NY",Prop136
"231 15 STREET,PARK SLOPE SOUTH,brooklyn,NY",Prop137
"231 15 STREET,PARK SLOPE SOUTH,brooklyn,NY",Prop138
"556 5 AVENUE,PARK SLOPE SOUTH,brooklyn,NY",Prop139
"249 16 STREET,PARK SLOPE SOUTH,brooklyn,NY",Prop140
"315 16 STREET,PARK SLOPE SOUTH,brooklyn,NY",Prop141
"162 16 STREET,PARK SLOPE SOUTH,brooklyn,NY",Prop142
"279 PROSPECT AVENUE,PARK SLOPE SOUTH,brooklyn,NY",Prop143
"180 STERLING PLACE,PARK SLOPE,brooklyn,NY",Prop144
"937 UNION STREET,PARK SLOPE,brooklyn,NY",Prop145
"570 7 STREET,PARK SLOPE,brooklyn,NY",Prop146
"145 PROSPECT PARK WEST,PARK SLOPE,brooklyn,NY",Prop147
"369 7 AVENUE,PARK SLOPE,brooklyn,NY",Prop148
"632 11 STREET,PARK SLOPE,brooklyn,NY",Prop149
"163 PROSPECT PARK WEST,PARK SLOPE,brooklyn,NY",Prop150
"438 12 STREET,PARK SLOPE,brooklyn,NY",Prop151
"444 12 STREET,PARK SLOPE,brooklyn,NY",Prop152
"425 14 STREET,PARK SLOPE,brooklyn,NY",Prop153
"427 7 AVENUE,PARK SLOPE,brooklyn,NY",Prop154
"392 14 STREET,PARK SLOPE,brooklyn,NY",Prop155
"1405 8 AVENUE,PARK SLOPE,brooklyn,NY",Prop156
"441 7 AVENUE,PARK SLOPE SOUTH,brooklyn,NY",Prop157
"372 15 STREET,PARK SLOPE SOUTH,brooklyn,NY",Prop158
"359 16 STREET,PARK SLOPE SOUTH,brooklyn,NY",Prop159
"579 WASHINGTON AVENUE,CROWN HEIGHTS,brooklyn,NY",Prop160
"925 PACIFIC STREET,CROWN HEIGHTS,brooklyn,NY",Prop161
"935 PACIFIC STREET,CROWN HEIGHTS,brooklyn,NY",Prop162
"957 PACIFIC STREET,CROWN HEIGHTS,brooklyn,NY",Prop163
"700 PACIFIC STREET,PROSPECT HEIGHTS,brooklyn,NY",Prop164
"35 UNDERHILL AVENUE,PROSPECT HEIGHTS,brooklyn,NY",Prop165
"618 DEAN STREET,PROSPECT HEIGHTS,brooklyn,NY",Prop166
"364 ST MARK'S AVENUE,CROWN HEIGHTS,brooklyn,NY",Prop167
"222 PARK PLACE,PROSPECT HEIGHTS,brooklyn,NY",Prop168
"34 BUTLER PLACE,PROSPECT HEIGHTS,brooklyn,NY",Prop169
"806 WASHINGTON AVENUE,PROSPECT HEIGHTS,brooklyn,NY",Prop170
"1520 BEDFORD AVENUE,CROWN HEIGHTS,brooklyn,NY",Prop171
"1229 PRESIDENT STREET,CROWN HEIGHTS,brooklyn,NY",Prop172
"346 NEW YORK AVENUE,CROWN HEIGHTS,brooklyn,NY",Prop173
"1365 CARROLL STREET,CROWN HEIGHTS,brooklyn,NY",Prop174
"555 CROWN STREET,CROWN HEIGHTS,brooklyn,NY",Prop175
"72 CLOVE ROAD,CROWN HEIGHTS,brooklyn,NY",Prop176
"149 8 AVENUE,FLATBUSH-LEFFERTS GARDEN,brooklyn,NY",Prop177
"525 LEFFERTS AVENUE,FLATBUSH-NORTH,brooklyn,NY",Prop178
"575 EAST NEW YORK AVENUE,FLATBUSH-NORTH,brooklyn,NY",Prop179
"605 EAST NEW YORK AVENUE,FLATBUSH-NORTH,brooklyn,NY",Prop180
"1607 BERGEN STREET,CROWN HEIGHTS,brooklyn,NY",Prop181
"273 ALBANY AVENUE,CROWN HEIGHTS,brooklyn,NY",Prop182
"1738 UNION STREET,CROWN HEIGHTS,brooklyn,NY",Prop183
"580 CROWN STREET,CROWN HEIGHTS,brooklyn,NY",Prop184
"645 LEFFERTS AVENUE,FLATBUSH-NORTH,brooklyn,NY",Prop185
"762 EMPIRE BOULEVARD,FLATBUSH-NORTH,brooklyn,NY",Prop186
"730 LEFFERTS AVENUE,FLATBUSH-NORTH,brooklyn,NY",Prop187
"770 LEFFERTS AVENUE,FLATBUSH-NORTH,brooklyn,NY",Prop188
"723 MAC DONOUGH STREET,OCEAN HILL,brooklyn,NY",Prop189
"876 MACDONOUGH STREET,OCEAN HILL,brooklyn,NY",Prop190
"741 MAC DONOUGH STREET,OCEAN HILL,brooklyn,NY",Prop191
"733 MAC DONOUGH STREET,OCEAN HILL,brooklyn,NY",Prop192
"756 MAC DONOUGH STREET,OCEAN HILL,brooklyn,NY",Prop193
"472 BAINBRIDGE STREET,OCEAN HILL,brooklyn,NY",Prop194
"419 CHAUNCEY STREET,OCEAN HILL,brooklyn,NY",Prop195
"365 MARION STREET,OCEAN HILL,brooklyn,NY",Prop196
"117 HOPKINSON AVENUE,OCEAN HILL,brooklyn,NY",Prop197
"246 SUMPTER STREET,OCEAN HILL,brooklyn,NY",Prop198
"249 HULL STREET,OCEAN HILL,brooklyn,NY",Prop199
"417 HART STREET,BEDFORD STUYVESANT,brooklyn,NY",Prop200
"85 STUYVESANT AVENUE,BEDFORD STUYVESANT,brooklyn,NY",Prop201
"172 STUYVESANT AVENUE,BEDFORD STUYVESANT,brooklyn,NY",Prop202
"450 BEDFORD AVENUE,BEDFORD STUYVESANT,brooklyn,NY",Prop203
"456 FLUSHING AVENUE,BEDFORD STUYVESANT,brooklyn,NY",Prop204
"460 FLUSHING AVENUE,BEDFORD STUYVESANT,brooklyn,NY",Prop205
"464 FLUSHING AVENUE,BEDFORD STUYVESANT,brooklyn,NY",Prop206
"773 BEDFORD AVENUE,BEDFORD STUYVESANT,brooklyn,NY",Prop207
"777 BEDFORD AVENUE,BEDFORD STUYVESANT,brooklyn,NY",Prop208
"789 BEDFORD AVENUE,BEDFORD STUYVESANT,brooklyn,NY",Prop209
"783 BEDFORD AVENUE,BEDFORD STUYVESANT,brooklyn,NY",Prop210
"689 MYRTLE AVENUE,BEDFORD STUYVESANT,brooklyn,NY",Prop211
"835 BEDFORD AVENUE,BEDFORD STUYVESANT,brooklyn,NY",Prop212
"108 SPENCER STREET,BEDFORD STUYVESANT,brooklyn,NY",Prop213
"108 SPENCER STREET,BEDFORD STUYVESANT,brooklyn,NY",Prop214
"104 SPENCER STREET,BEDFORD STUYVESANT,brooklyn,NY",Prop215
"104 SPENCER STREET,BEDFORD STUYVESANT,brooklyn,NY",Prop216
"805 BEDFORD AVENUE,BEDFORD STUYVESANT,brooklyn,NY",Prop217
"100 SPENCER STREET,BEDFORD STUYVESANT,brooklyn,NY",Prop218
"809 BEDFORD AVENUE,BEDFORD STUYVESANT,brooklyn,NY",Prop219
"82 SPENCER STREET,BEDFORD STUYVESANT,brooklyn,NY",Prop220
"78 SPENCER STREET,BEDFORD STUYVESANT,brooklyn,NY",Prop221
"74 SPENCER STREET,BEDFORD STUYVESANT,brooklyn,NY",Prop222
"86 SPENCER STREET,BEDFORD STUYVESANT,brooklyn,NY",Prop223
"90 SPENCER STREET,BEDFORD STUYVESANT,brooklyn,NY",Prop224
"756 MYRTLE AVENUE,BEDFORD STUYVESANT,brooklyn,NY",Prop225
"834 MYRTLE AVENUE,BEDFORD STUYVESANT,brooklyn,NY",Prop226
"886 MYRTLE AVENUE,BEDFORD STUYVESANT,brooklyn,NY",Prop227
"382 WILLOUGHBY AVENUE,BEDFORD STUYVESANT,brooklyn,NY",Prop228
"191 SPENCER STREET,BEDFORD STUYVESANT,brooklyn,NY",Prop229
"209 SPENCER STREET,BEDFORD STUYVESANT,brooklyn,NY",Prop230
"197 SPENCER STREET,BEDFORD STUYVESANT,brooklyn,NY",Prop231
"195 SPENCER STREET,BEDFORD STUYVESANT,brooklyn,NY",Prop232
"201 SPENCER STREET,BEDFORD STUYVESANT,brooklyn,NY",Prop233
"794 DE KALB AVENUE,BEDFORD STUYVESANT,brooklyn,NY",Prop234
"582 THROOP AVENUE,BEDFORD STUYVESANT,brooklyn,NY",Prop235
"53 FRANKLIN AVENUE,BEDFORD STUYVESANT,brooklyn,NY",Prop236
"42 SKILLMAN STREET,BEDFORD STUYVESANT,brooklyn,NY",Prop237
"38 SKILLMAN STREET,BEDFORD STUYVESANT,brooklyn,NY",Prop238
"95 VANDERBILT AVENUE,CLINTON HILL,brooklyn,NY",Prop239
"163 WASHINGTON AVENUE,CLINTON HILL,brooklyn,NY",Prop240
"72 STEUBEN STREET,CLINTON HILL,brooklyn,NY",Prop241
"609 MYRTLE AVENUE,BEDFORD STUYVESANT,brooklyn,NY",Prop242
"86 FRANKLIN AVENUE,BEDFORD STUYVESANT,brooklyn,NY",Prop243
"128 SKILLMAN STREET,BEDFORD STUYVESANT,brooklyn,NY",Prop244
"102 SKILLMAN STREET,BEDFORD STUYVESANT,brooklyn,NY",Prop245
"94 SKILLMAN STREET,BEDFORD STUYVESANT,brooklyn,NY",Prop246
"88 SKILLMAN STREET,BEDFORD STUYVESANT,brooklyn,NY",Prop247
"98 SKILLMAN STREET,BEDFORD STUYVESANT,brooklyn,NY",Prop248
"876 BEDFORD AVENUE,BEDFORD STUYVESANT,brooklyn,NY",Prop249
"103 SKILLMAN STREET,BEDFORD STUYVESANT,brooklyn,NY",Prop250
"858 BEDFORD AVENUE,BEDFORD STUYVESANT,brooklyn,NY",Prop251
"111 SKILLMAN STREET,BEDFORD STUYVESANT,brooklyn,NY",Prop252
"79 SKILLMAN AVENUE,BEDFORD STUYVESANT,brooklyn,NY",Prop253
"107 SKILLMAN STREET,BEDFORD STUYVESANT,brooklyn,NY",Prop254
"75 SKILLMAN STREET,BEDFORD STUYVESANT,brooklyn,NY",Prop255
"446 MYRTLE AVENUE,CLINTON HILL,brooklyn,NY",Prop256
"664 MYRTLE AVENUE,BEDFORD STUYVESANT,brooklyn,NY",Prop257
"662 MYRTLE AVENUE,BEDFORD STUYVESANT,brooklyn,NY",Prop258
"189 FRANKLIN AVENUE,BEDFORD STUYVESANT,brooklyn,NY",Prop259
"163 SKILLMAN STREET,BEDFORD STUYVESANT,brooklyn,NY",Prop260
"173 SKILLMAN STREET,BEDFORD STUYVESANT,brooklyn,NY",Prop261
"263 CLASSON AVENUE,BEDFORD STUYVESANT,brooklyn,NY",Prop262
"970 KENT AVENUE,BEDFORD STUYVESANT,brooklyn,NY",Prop263
"240 FRANKLIN AVENUE,BEDFORD STUYVESANT,brooklyn,NY",Prop264
"234 FRANKLIN AVENUE,BEDFORD STUYVESANT,brooklyn,NY",Prop265
"222 SKILLMAN STREET,BEDFORD STUYVESANT,brooklyn,NY",Prop266
"320 WASHINGTON AVENUE,CLINTON HILL,brooklyn,NY",Prop267
"260 SKILLMAN STREET,BEDFORD STUYVESANT,brooklyn,NY",Prop268
"367 CLASSON AVENUE,BEDFORD STUYVESANT,brooklyn,NY",Prop269
"415 CARLTON AVENUE,FORT GREENE,brooklyn,NY",Prop270
"387 ADELPHI STREET,FORT GREENE,brooklyn,NY",Prop271
"421 ADELPHI STREET,FORT GREENE,brooklyn,NY",Prop272
"5 GATES AVENUE,FORT GREENE,brooklyn,NY",Prop273
"430 CLINTON AVENUE,CLINTON HILL,brooklyn,NY",Prop274
"252 GREENE AVENUE,CLINTON HILL,brooklyn,NY",Prop275
"242 GREENE AVENUE,CLINTON HILL,brooklyn,NY",Prop276
"95 LEXINGTON AVENUE,BEDFORD STUYVESANT,brooklyn,NY",Prop277
"319 GRAND AVENUE,CLINTON HILL,brooklyn,NY",Prop278
"420 CLASSON AVENUE,CLINTON HILL,brooklyn,NY",Prop279
"226 ST JAMES PLACE,CLINTON HILL,brooklyn,NY",Prop280
"483 WASHINGTON AVENUE,CLINTON HILL,brooklyn,NY",Prop281
"13 IRVING PLACE,CLINTON HILL,brooklyn,NY",Prop282
"1142 BEDFORD AVENUE,BEDFORD STUYVESANT,brooklyn,NY",Prop283
"124 BEDFORD AVENUE,BEDFORD STUYVESANT,brooklyn,NY",Prop284
"555 WASHINGTON AVENUE,CLINTON HILL,brooklyn,NY",Prop285
"1838 WEST 13 STREET,CLINTON HILL,brooklyn,NY",Prop286
"936 FULTON STREET,CLINTON HILL,brooklyn,NY",Prop287
"176 JOHNSON STREET,DOWNTOWN-METROTECH,brooklyn,NY",Prop288
"101 WILLOUGHBY STREET,DOWNTOWN-METROTECH,brooklyn,NY",Prop289
"150 MYRTLE AVENUE,DOWNTOWN-METROTECH,brooklyn,NY",Prop290
"159 CARLTON AVENUE,FORT GREENE,brooklyn,NY",Prop291
"181 CLERMONT AVENUE,FORT GREENE,brooklyn,NY",Prop292
"1 ROCKWELL PLACE,FORT GREENE,brooklyn,NY",Prop293
"230 ASHLAND PLACE,FORT GREENE,brooklyn,NY",Prop294
"69 SOUTH OXFORD STREET,FORT GREENE,brooklyn,NY",Prop295
"264 CUMBERLAND STREET,FORT GREENE,brooklyn,NY",Prop296
"1 HANSON PLACE,FORT GREENE,brooklyn,NY",Prop297
"96 SOUTH PORTLAND AVENUE,FORT GREENE,brooklyn,NY",Prop298
"381 CARLTON AVENUE,FORT GREENE,brooklyn,NY",Prop299
"53 61 SOUTH 8 STREET,WILLIAMSBURG-SOUTH,brooklyn,NY",Prop300
"42 BROADWAY,WILLIAMSBURG-SOUTH,brooklyn,NY",Prop301
"45 SOUTH 8 STREET,WILLIAMSBURG-SOUTH,brooklyn,NY",Prop302
"41 SOUTH 8 STREET,WILLIAMSBURG-SOUTH,brooklyn,NY",Prop303
"34 BROADWAY,WILLIAMSBURG-SOUTH,brooklyn,NY",Prop304
"32 BROADWAY,WILLIAMSBURG-SOUTH,brooklyn,NY",Prop305
"26 BROADWAY,WILLIAMSBURG-SOUTH,brooklyn,NY",Prop306
"1155 42 STREET,BOROUGH PARK,brooklyn,NY",Prop307
"20 BROADWAY,WILLIAMSBURG-SOUTH,brooklyn,NY",Prop308
"60 BROADWAY,WILLIAMSBURG-SOUTH,brooklyn,NY",Prop309
"416 BEDFORD AVENUE,WILLIAMSBURG-SOUTH,brooklyn,NY",Prop310
"401 BEDFORD AVENUE,WILLIAMSBURG-SOUTH,brooklyn,NY",Prop311
"138 BROADWAY,WILLIAMSBURG-SOUTH,brooklyn,NY",Prop312
"170 BROADWAY,WILLIAMSBURG-SOUTH,brooklyn,NY",Prop313
"159 SOUTH 8 STREET,WILLIAMSBURG-SOUTH,brooklyn,NY",Prop314
"190 BROADWAY,WILLIAMSBURG-SOUTH,brooklyn,NY",Prop315
"446 KENT AVENUE,WILLIAMSBURG-SOUTH,brooklyn,NY",Prop316
"450 KENT AVENUE,WILLIAMSBURG-SOUTH,brooklyn,NY",Prop317
"440 KENT AVENUE,WILLIAMSBURG-SOUTH,brooklyn,NY",Prop318
"102 SOUTH 8 STREET,WILLIAMSBURG-SOUTH,brooklyn,NY",Prop319
"407 BERRY STREET,WILLIAMSBURG-SOUTH,brooklyn,NY",Prop320
"97 MORTON STREET,WILLIAMSBURG-SOUTH,brooklyn,NY",Prop321
"131 DIVISION AVENUE,WILLIAMSBURG-SOUTH,brooklyn,NY",Prop322
"125 DIVISION AVENUE,WILLIAMSBURG-SOUTH,brooklyn,NY",Prop323
"908 DRIGGS AVENUE,WILLIAMSBURG-SOUTH,brooklyn,NY",Prop324
"1610 DE KALB AVENUE,WYCKOFF HEIGHTS,brooklyn,NY",Prop325
"134 SOUTH 9 STREET,WILLIAMSBURG-SOUTH,brooklyn,NY",Prop326
"150 SOUTH 9 STREET,WILLIAMSBURG-SOUTH,brooklyn,NY",Prop327
"293 DIVISION AVENUE,WILLIAMSBURG-SOUTH,brooklyn,NY",Prop328
"525 KENT AVENUE,WILLIAMSBURG-CENTRAL,brooklyn,NY",Prop329
"580 WYTHE AVENUE,WILLIAMSBURG-CENTRAL,brooklyn,NY",Prop330
"570 WYTHE AVENUE,WILLIAMSBURG-CENTRAL,brooklyn,NY",Prop331
"149 TAYLOR STREET,WILLIAMSBURG-CENTRAL,brooklyn,NY",Prop332
"177 TAYLOR STREET,WILLIAMSBURG-CENTRAL,brooklyn,NY",Prop333
"202 DIVISION AVENUE,WILLIAMSBURG-CENTRAL,brooklyn,NY",Prop334
"562 BEDFORD AVENUE,WILLIAMSBURG-CENTRAL,brooklyn,NY",Prop335
"234 KEAP STREET,WILLIAMSBURG-CENTRAL,brooklyn,NY",Prop336
"266 KEAP STREET,WILLIAMSBURG-CENTRAL,brooklyn,NY",Prop337
"616 BEDFORD AVENUE,WILLIAMSBURG-CENTRAL,brooklyn,NY",Prop338
"790 WYTHE AVENUE,WILLIAMSBURG-CENTRAL,brooklyn,NY",Prop339
"796 WYTHE AVENUE,WILLIAMSBURG-CENTRAL,brooklyn,NY",Prop340
"29 HEYWARD STREET,WILLIAMSBURG-CENTRAL,brooklyn,NY",Prop341
"35 HEYWARD STREET,WILLIAMSBURG-CENTRAL,brooklyn,NY",Prop342
"23 HEYWARD STREET,WILLIAMSBURG-CENTRAL,brooklyn,NY",Prop343
"15 LYNCH STREET,WILLIAMSBURG-CENTRAL,brooklyn,NY",Prop344
"5 LYNCH STREET,WILLIAMSBURG-CENTRAL,brooklyn,NY",Prop345
"210 LYNCH STREET,WILLIAMSBURG-CENTRAL,brooklyn,NY",Prop346
"262 HEYWARD STREET,WILLIAMSBURG-CENTRAL,brooklyn,NY",Prop347
"24 LYNCH STREET,WILLIAMSBURG-CENTRAL,brooklyn,NY",Prop348
"28 LYNCH STREET,WILLIAMSBURG-CENTRAL,brooklyn,NY",Prop349
"18 LYNCH STREET,WILLIAMSBURG-CENTRAL,brooklyn,NY",Prop350
"14 LYNCH STREET,WILLIAMSBURG-CENTRAL,brooklyn,NY",Prop351
"232 LEE AVENUE,WILLIAMSBURG-CENTRAL,brooklyn,NY",Prop352
"8 LYNCH STREET,WILLIAMSBURG-CENTRAL,brooklyn,NY",Prop353
"4 LYNCH STREET,WILLIAMSBURG-CENTRAL,brooklyn,NY",Prop354
"118 HARRISON AVENUE,WILLIAMSBURG-CENTRAL,brooklyn,NY",Prop355
"532 BROADWAY,WILLIAMSBURG-EAST,brooklyn,NY",Prop356
"51 LORIMER STREET,WILLIAMSBURG-CENTRAL,brooklyn,NY",Prop357
"57 LORIMER STREET,WILLIAMSBURG-CENTRAL,brooklyn,NY",Prop358
"40 MIDDLETON STREET,WILLIAMSBURG-CENTRAL,brooklyn,NY",Prop359
"82 MIDDLETON STREET,WILLIAMSBURG-CENTRAL,brooklyn,NY",Prop360
"86 MIDDLETON STREET,WILLIAMSBURG-CENTRAL,brooklyn,NY",Prop361
"90 MIDDLETON STREET,WILLIAMSBURG-CENTRAL,brooklyn,NY",Prop362
"5 UNKNOWN,WILLIAMSBURG-CENTRAL,brooklyn,NY",Prop363
"13 LORIMER STREET,WILLIAMSBURG-CENTRAL,brooklyn,NY",Prop364
"115 LORIMER STREET,WILLIAMSBURG-CENTRAL,brooklyn,NY",Prop365
"119 LORIMER STREET,WILLIAMSBURG-CENTRAL,brooklyn,NY",Prop366
"146 MIDDLETON STREET,WILLIAMSBURG-CENTRAL,brooklyn,NY",Prop367
"150 MIDDLETON STREET,WILLIAMSBURG-CENTRAL,brooklyn,NY",Prop368
"218 MIDDLETON STREET,WILLIAMSBURG-EAST,brooklyn,NY",Prop369
"210 MIDDLETON STREET,WILLIAMSBURG-EAST,brooklyn,NY",Prop370
"2 LEE AVENUE,WILLIAMSBURG-CENTRAL,brooklyn,NY",Prop371
"165 HARRISON AVENUE,WILLIAMSBURG-EAST,brooklyn,NY",Prop372
"341 WALLABOUT STREET,WILLIAMSBURG-EAST,brooklyn,NY",Prop373
"37 THROOP AVENUE,WILLIAMSBURG-EAST,brooklyn,NY",Prop374
"41 THROOP AVENUE,WILLIAMSBURG-EAST,brooklyn,NY",Prop375
"33 THROOP AVENUE,WILLIAMSBURG-EAST,brooklyn,NY",Prop376
"760 KENT AVENUE,WILLIAMSBURG-CENTRAL,brooklyn,NY",Prop377
"132 WALLABOUT STREET,WILLIAMSBURG-CENTRAL,brooklyn,NY",Prop378
"136 WALLABOUT STREET,WILLIAMSBURG-CENTRAL,brooklyn,NY",Prop379
"429 FLUSHING AVENUE,WILLIAMSBURG-CENTRAL,brooklyn,NY",Prop380
"417 FLUSHING AVENUE,WILLIAMSBURG-CENTRAL,brooklyn,NY",Prop381
"730 BEDFORD AVENUE,WILLIAMSBURG-CENTRAL,brooklyn,NY",Prop382
"405 FLUSHING AVENUE,WILLIAMSBURG-CENTRAL,brooklyn,NY",Prop383
"713 BEDFORD AVENUE,WILLIAMSBURG-CENTRAL,brooklyn,NY",Prop384
"717 BEDFORD AVENUE,WILLIAMSBURG-CENTRAL,brooklyn,NY",Prop385
"721 BEDFORD AVENUE,WILLIAMSBURG-CENTRAL,brooklyn,NY",Prop386
"463 FLUSHING AVENUE,WILLIAMSBURG-CENTRAL,brooklyn,NY",Prop387
"461 FLUSHING AVENUE,WILLIAMSBURG-CENTRAL,brooklyn,NY",Prop388
"254 WALLABOUT STREET,WILLIAMSBURG-CENTRAL,brooklyn,NY",Prop389
"248 WALLABOUT STREET,WILLIAMSBURG-CENTRAL,brooklyn,NY",Prop390
"286 STANHOPE STREET,WYCKOFF HEIGHTS,brooklyn,NY",Prop391
"547 FLUSHING AVENUE,WILLIAMSBURG-CENTRAL,brooklyn,NY",Prop392
"543 FLUSHING AVENUE,WILLIAMSBURG-CENTRAL,brooklyn,NY",Prop393
"1153 42 STREET,BOROUGH PARK,brooklyn,NY",Prop394
"551 FLUSHING AVENUE,WILLIAMSBURG-CENTRAL,brooklyn,NY",Prop395
"555 FLUSHING AVENUE,WILLIAMSBURG-CENTRAL,brooklyn,NY",Prop396
"559 FLUSHING AVENUE,WILLIAMSBURG-CENTRAL,brooklyn,NY",Prop397
"282 WALLABOUT STREET,WILLIAMSBURG-CENTRAL,brooklyn,NY",Prop398
"274 WALLABOUT STREET,WILLIAMSBURG-CENTRAL,brooklyn,NY",Prop399
"298 WALLABOUT STREET,WILLIAMSBURG-CENTRAL,brooklyn,NY",Prop400
"268 WALLABOUT STREET,WILLIAMSBURG-CENTRAL,brooklyn,NY",Prop401
"593 FLUSHING AVENUE,WILLIAMSBURG-CENTRAL,brooklyn,NY",Prop402
"290 WALLABOUT STREET,WILLIAMSBURG-CENTRAL,brooklyn,NY",Prop403
"111 GERRY STREET,WILLIAMSBURG-EAST,brooklyn,NY",Prop404
"1157 42 STREET,BOROUGH PARK,brooklyn,NY",Prop405
"59 THROOP AVENUE,WILLIAMSBURG-EAST,brooklyn,NY",Prop406
"49 THROOP AVENUE,WILLIAMSBURG-EAST,brooklyn,NY",Prop407
"721 FLUSHING AVENUE,WILLIAMSBURG-EAST,brooklyn,NY",Prop408
"44 BERRY STREET,WILLIAMSBURG-NORTH,brooklyn,NY",Prop409
"55 BERRY STREET,WILLIAMSBURG-NORTH,brooklyn,NY",Prop410
"125 NORTH 10 STREET,WILLIAMSBURG-NORTH,brooklyn,NY",Prop411
"170 WEST 11 STREET,WILLIAMSBURG-NORTH,brooklyn,NY",Prop412
"165 NORTH 10 STREET,WILLIAMSBURG-NORTH,brooklyn,NY",Prop413
"214 NORTH 11 STREET,WILLIAMSBURG-NORTH,brooklyn,NY",Prop414
"5 ROEBLING STREET,WILLIAMSBURG-NORTH,brooklyn,NY",Prop415
"72 BERRY STREET,WILLIAMSBURG-NORTH,brooklyn,NY",Prop416
"47 NORTH 8 STREET,WILLIAMSBURG-NORTH,brooklyn,NY",Prop417
"234 NORTH 9 STREET,WILLIAMSBURG-NORTH,brooklyn,NY",Prop418
"230 NORTH 8 STREET,WILLIAMSBURG-NORTH,brooklyn,NY",Prop419
"27 NORTH 6 STREET,WILLIAMSBURG-NORTH,brooklyn,NY",Prop420
"120 NORTH 7 STREET,WILLIAMSBURG-NORTH,brooklyn,NY",Prop421
"101 NORTH 5 STREET,WILLIAMSBURG-NORTH,brooklyn,NY",Prop422
"1 NORTH PIER,WILLIAMSBURG-NORTH,brooklyn,NY",Prop423
"20 NORTH 5 STREET,WILLIAMSBURG-NORTH,brooklyn,NY",Prop424
"90 NORTH 5 STREET,WILLIAMSBURG-NORTH,brooklyn,NY",Prop425
"161 NORTH 4 STREET,WILLIAMSBURG-NORTH,brooklyn,NY",Prop426
"150 NORTH 5 STREET,WILLIAMSBURG-NORTH,brooklyn,NY",Prop427
"349 METROPOLITAN AVENUE,WILLIAMSBURG-NORTH,brooklyn,NY",Prop428
"85 NORTH 3 STREET,WILLIAMSBURG-NORTH,brooklyn,NY",Prop429
"100 NORTH 3 STREET,WILLIAMSBURG-NORTH,brooklyn,NY",Prop430
"129 METROPOLITAN AVENUE,WILLIAMSBURG-NORTH,brooklyn,NY",Prop431
"80 METROPOLITAN AVENUE,WILLIAMSBURG-NORTH,brooklyn,NY",Prop432
"66 NORTH 1 STREET,WILLIAMSBURG-NORTH,brooklyn,NY",Prop433
"98 HAVEMEYER STREET,WILLIAMSBURG-NORTH,brooklyn,NY",Prop434
"14 HOPE STREET,WILLIAMSBURG-NORTH,brooklyn,NY",Prop435
"330 WYTHE AVENUE,WILLIAMSBURG-SOUTH,brooklyn,NY",Prop436
"299 BEDFORD AVENUE,WILLIAMSBURG-SOUTH,brooklyn,NY",Prop437
"236 SOUTH 1 STREET,WILLIAMSBURG-SOUTH,brooklyn,NY",Prop438
"241 SOUTH 2 STREET,WILLIAMSBURG-SOUTH,brooklyn,NY",Prop439
"242 SOUTH 1 STREET,WILLIAMSBURG-SOUTH,brooklyn,NY",Prop440
"120 SOUTH 2 STREET,WILLIAMSBURG-SOUTH,brooklyn,NY",Prop441
"342 BEDFORD AVENUE,WILLIAMSBURG-SOUTH,brooklyn,NY",Prop442
"117 SOUTH 3 STREET,WILLIAMSBURG-SOUTH,brooklyn,NY",Prop443
"208 SOUTH 3 STREET,WILLIAMSBURG-SOUTH,brooklyn,NY",Prop444
"180 SOUTH 4 STREET,WILLIAMSBURG-SOUTH,brooklyn,NY",Prop445
"176 SOUTH 4 STREET,WILLIAMSBURG-SOUTH,brooklyn,NY",Prop446
"400 BEDFORD AVENUE,WILLIAMSBURG-SOUTH,brooklyn,NY",Prop447
"442 SOUTH 5 STREET,WILLIAMSBURG-SOUTH,brooklyn,NY",Prop448
"24 DUNHAM PLACE,WILLIAMSBURG-SOUTH,brooklyn,NY",Prop449
"61 GREEN STREET,GREENPOINT,brooklyn,NY",Prop450
"82 ,84,86,88 GREEN STREET,GREENPOINT,brooklyn,NY",Prop451
"143 HURON STREET,GREENPOINT,brooklyn,NY",Prop452
"86 MESEROLE AVENUE,GREENPOINT,brooklyn,NY",Prop453
"297 DRIGGS AVENUE,GREENPOINT,brooklyn,NY",Prop454
"285 DRIGGS AVENUE,GREENPOINT,brooklyn,NY",Prop455
"49 ENGERT AVENUE,GREENPOINT,brooklyn,NY",Prop456
"169 ENGERT AVENUE,GREENPOINT,brooklyn,NY",Prop457
"76 ENGERT AVENUE,GREENPOINT,brooklyn,NY",Prop458
"84 ENGERT AVENUE,GREENPOINT,brooklyn,NY",Prop459
"34 ECKFORD STREET,GREENPOINT,brooklyn,NY",Prop460
"450 MANHATTAN AVENUE,GREENPOINT,brooklyn,NY",Prop461
"128 NEWTON STREET,GREENPOINT,brooklyn,NY",Prop462
"610 UNION AVENUE,GREENPOINT,brooklyn,NY",Prop463
"30 BAYARD STREET,GREENPOINT,brooklyn,NY",Prop464
"20 BAYARD STREET,GREENPOINT,brooklyn,NY",Prop465
"50 BAYARD STREET,GREENPOINT,brooklyn,NY",Prop466
"415 LEONARD STREET,GREENPOINT,brooklyn,NY",Prop467
"447 HUMBOLDT STREET,WILLIAMSBURG-EAST,brooklyn,NY",Prop468
"145 JACKSON STREET,WILLIAMSBURG-EAST,brooklyn,NY",Prop469
"131 JACKSON STREET,WILLIAMSBURG-EAST,brooklyn,NY",Prop470
"364 MANHATTAN AVENUE,WILLIAMSBURG-EAST,brooklyn,NY",Prop471
"61 CONSELYEA STREET,WILLIAMSBURG-EAST,brooklyn,NY",Prop472
"59 CONSELYEA STREET,WILLIAMSBURG-EAST,brooklyn,NY",Prop473
"63 CONSELYEA STREET,WILLIAMSBURG-EAST,brooklyn,NY",Prop474
"154 SKILLMAN AVENUE,WILLIAMSBURG-EAST,brooklyn,NY",Prop475
"88 CONSELYEA STREET,WILLIAMSBURG-EAST,brooklyn,NY",Prop476
"92 CONSELYEA STREET,WILLIAMSBURG-EAST,brooklyn,NY",Prop477
"630 METROPOLITAN AVENUE,WILLIAMSBURG-EAST,brooklyn,NY",Prop478
"273 MANHATTAN AVENUE,WILLIAMSBURG-EAST,brooklyn,NY",Prop479
"134 POWERS STREET,WILLIAMSBURG-EAST,brooklyn,NY",Prop480
"43 HERBERT STREET,GREENPOINT,brooklyn,NY",Prop481
"99 KINGSLAND AVENUE,GREENPOINT,brooklyn,NY",Prop482
"258 RICHARDSON STREET,WILLIAMSBURG-EAST,brooklyn,NY",Prop483
"96 WOODPOINT ROAD,WILLIAMSBURG-EAST,brooklyn,NY",Prop484
"96 WOODPOINT ROAD,WILLIAMSBURG-EAST,brooklyn,NY",Prop485
"219 WITHERS STREET,WILLIAMSBURG-EAST,brooklyn,NY",Prop486
"246 WITHERS STREET,WILLIAMSBURG-EAST,brooklyn,NY",Prop487
"57 MASPETH AVENUE,WILLIAMSBURG-EAST,brooklyn,NY",Prop488
"234 SKILLMAN AVENUE,WILLIAMSBURG-EAST,brooklyn,NY",Prop489
"94 MASPETH AVENUE,WILLIAMSBURG-EAST,brooklyn,NY",Prop490
"17 JUDGE STREET,WILLIAMSBURG-EAST,brooklyn,NY",Prop491
"63 STAGG STREET,WILLIAMSBURG-EAST,brooklyn,NY",Prop492
"25 MESEROLE STREET,WILLIAMSBURG-EAST,brooklyn,NY",Prop493
"151 MANHATTAN AVENUE,WILLIAMSBURG-EAST,brooklyn,NY",Prop494
"38 MESEROLE STREET,WILLIAMSBURG-EAST,brooklyn,NY",Prop495
"204 MONTROSE AVENUE,WILLIAMSBURG-EAST,brooklyn,NY",Prop496
"206 MONTROSE AVENUE,WILLIAMSBURG-EAST,brooklyn,NY",Prop497
"14 BOERUM STREET,WILLIAMSBURG-EAST,brooklyn,NY",Prop498
"41 MELROSE STREET,BUSHWICK,brooklyn,NY",Prop499
"38 WILSON AVENUE,BUSHWICK,brooklyn,NY",Prop500
"101 WYCKOFF AVENUE,WYCKOFF HEIGHTS,brooklyn,NY",Prop501
"316 HIMROD STREET,WYCKOFF HEIGHTS,brooklyn,NY",Prop502
"404 HARMAN STREET,WYCKOFF HEIGHTS,brooklyn,NY",Prop503
"384 NEW JERSEY AVENUE,EAST NEW YORK,brooklyn,NY",Prop504
"384 NEW JERSEY AVENUE,EAST NEW YORK,brooklyn,NY",Prop505
"626 SUTTER AVENUE,EAST NEW YORK,brooklyn,NY",Prop506
"148 COZINE AVENUE,EAST NEW YORK,brooklyn,NY",Prop507
"1065 VERMONT STREET,EAST NEW YORK,brooklyn,NY",Prop508
"971 JEROME STREET,EAST NEW YORK,brooklyn,NY",Prop509
"900 LENOX ROAD,FLATBUSH-NORTH,brooklyn,NY",Prop510
"523 BROOKLYN AVENUE,FLATBUSH-NORTH,brooklyn,NY",Prop511
"260 LINDEN BOULEVARD,FLATBUSH-EAST,brooklyn,NY",Prop512
"353 OCEAN AVENUE,FLATBUSH-CENTRAL,brooklyn,NY",Prop513
"161 WOODRUFF AVENUE,FLATBUSH-CENTRAL,brooklyn,NY",Prop514
"34 CROOKE AVENUE,FLATBUSH-CENTRAL,brooklyn,NY",Prop515
"2233 CATON AVENUE,FLATBUSH-CENTRAL,brooklyn,NY",Prop516
"77 EAST 28 STREET,FLATBUSH-CENTRAL,brooklyn,NY",Prop517
"355 STRATFORD ROAD,FLATBUSH-CENTRAL,brooklyn,NY",Prop518
"2108 DORCHESTER ROAD,FLATBUSH-CENTRAL,brooklyn,NY",Prop519
"101 PROSPECT PARK SOUTHWE,WINDSOR TERRACE,brooklyn,NY",Prop520
"35 EAST 4 STREET,WINDSOR TERRACE,brooklyn,NY",Prop521
"3001 FT HAMILTON PARKWAY,WINDSOR TERRACE,brooklyn,NY",Prop522
"207 PROSPECT PARK SOUTHWE,WINDSOR TERRACE,brooklyn,NY",Prop523
"346 CONEY ISLAND AVENUE,KENSINGTON,brooklyn,NY",Prop524
"150 OCEAN PARKWAY,KENSINGTON,brooklyn,NY",Prop525
"3801 15 AVENUE,BOROUGH PARK,brooklyn,NY",Prop526
"3802 15 AVENUE,BOROUGH PARK,brooklyn,NY",Prop527
"4007 15 AVENUE,BOROUGH PARK,brooklyn,NY",Prop528
"542 DAHILL ROAD,BOROUGH PARK,brooklyn,NY",Prop529
"411 DITMAS AVENUE,OCEAN PARKWAY-NORTH,brooklyn,NY",Prop530
"734 EAST 5 STREET,OCEAN PARKWAY-NORTH,brooklyn,NY",Prop531
"597 OCEAN PARKWAY,OCEAN PARKWAY-NORTH,brooklyn,NY",Prop532
"4111 18 AVENUE,OCEAN PARKWAY-NORTH,brooklyn,NY",Prop533
"702 OCEAN PARKWAY,OCEAN PARKWAY-NORTH,brooklyn,NY",Prop534
"215 PARKVILLE AVENUE,OCEAN PARKWAY-NORTH,brooklyn,NY",Prop535
"1901 51 STREET,BOROUGH PARK,brooklyn,NY",Prop536
"1900 51 STREET,BOROUGH PARK,brooklyn,NY",Prop537
"1845 52 STREET,BOROUGH PARK,brooklyn,NY",Prop538
"1840 52 STREET,BOROUGH PARK,brooklyn,NY",Prop539
"1850 52 STREET,BOROUGH PARK,brooklyn,NY",Prop540
"1865 52 STREET,BOROUGH PARK,brooklyn,NY",Prop541
"5120 19 AVENUE,BOROUGH PARK,brooklyn,NY",Prop542
"2131 57 STREET,BOROUGH PARK,brooklyn,NY",Prop543
"6410 BAY PARKWAY,BOROUGH PARK,brooklyn,NY",Prop544
"970 41 STREET,BOROUGH PARK,brooklyn,NY",Prop545
"1159 42 STREET,BOROUGH PARK,brooklyn,NY",Prop546
"1250 42 STREET,BOROUGH PARK,brooklyn,NY",Prop547
"1252 42 STREET,BOROUGH PARK,brooklyn,NY",Prop548
"1227 44 STREET,BOROUGH PARK,brooklyn,NY",Prop549
"1025 45 STREET,BOROUGH PARK,brooklyn,NY",Prop550
"1204 44 STREET,BOROUGH PARK,brooklyn,NY",Prop551
"1317 46 STREET,BOROUGH PARK,brooklyn,NY",Prop552
"1225 49 STREET,BOROUGH PARK,brooklyn,NY",Prop553
"863 50 STREET,BOROUGH PARK,brooklyn,NY",Prop554
"5024 10 AVENUE,BOROUGH PARK,brooklyn,NY",Prop555
"1077 54 STREET,BOROUGH PARK,brooklyn,NY",Prop556
"858 54 STREET,BOROUGH PARK,brooklyn,NY",Prop557
"821 57 STREET,BOROUGH PARK,brooklyn,NY",Prop558
"5823 11 AVENUE,BOROUGH PARK,brooklyn,NY",Prop559
"859 60 STREET,BOROUGH PARK,brooklyn,NY",Prop560
"420 64 STREET,SUNSET PARK,brooklyn,NY",Prop561
"6911 SHORE ROAD,BAY RIDGE,brooklyn,NY",Prop562
"6917 SHORE ROAD,BAY RIDGE,brooklyn,NY",Prop563
"106 BATTERY AVENUE,BAY RIDGE,brooklyn,NY",Prop564
"233 95 STREET,BAY RIDGE,brooklyn,NY",Prop565
"9935 SHORE ROAD,BAY RIDGE,brooklyn,NY",Prop566
"336 99 STREET,BAY RIDGE,brooklyn,NY",Prop567
"9921 4 AVENUE,BAY RIDGE,brooklyn,NY",Prop568
"10002 4 AVENUE,BAY RIDGE,brooklyn,NY",Prop569
"1765 71 STREET,BENSONHURST,brooklyn,NY",Prop570
"7620 BAY PARKWAY,BENSONHURST,brooklyn,NY",Prop571
"2080 77 STREET,BENSONHURST,brooklyn,NY",Prop572
"10 AVENUE P,BENSONHURST,brooklyn,NY",Prop573
"105 KINGS HIGHWAY,BENSONHURST,brooklyn,NY",Prop574
"7902 15 AVENUE,BENSONHURST,brooklyn,NY",Prop575
"2281 82 STREET,BENSONHURST,brooklyn,NY",Prop576
"8405 13 AVENUE,DYKER HEIGHTS,brooklyn,NY",Prop577
"8642 16 AVENUE,BATH BEACH,brooklyn,NY",Prop578
"8666 23 AVENUE,GRAVESEND,brooklyn,NY",Prop579
"8696 18 AVENUE,BATH BEACH,brooklyn,NY",Prop580
"147 BAY 20 STREET,BATH BEACH,brooklyn,NY",Prop581
"153 BAY 26 STREET,BATH BEACH,brooklyn,NY",Prop582
"8686 BAY PARKWAY,BATH BEACH,brooklyn,NY",Prop583
"1428 BATH AVENUE,BATH BEACH,brooklyn,NY",Prop584
"622 FOSTER AVENUE,OCEAN PARKWAY-NORTH,brooklyn,NY",Prop585
"1189 OCEAN PARKWAY,OCEAN PARKWAY-NORTH,brooklyn,NY",Prop586
"2245 60 STREET,BOROUGH PARK,brooklyn,NY",Prop587
"2231 62 STREET,BOROUGH PARK,brooklyn,NY",Prop588
"2231 64 STREET,BOROUGH PARK,brooklyn,NY",Prop589
"1380 DAHILL ROAD,BOROUGH PARK,brooklyn,NY",Prop590
"6214 24 AVENUE,BOROUGH PARK,brooklyn,NY",Prop591
"2469 65 STREET,BOROUGH PARK,brooklyn,NY",Prop592
"6501 BAY PARKWAY,GRAVESEND,brooklyn,NY",Prop593
"1379 WEST 7 STREET,GRAVESEND,brooklyn,NY",Prop594
"1460 WEST 5 STREET,GRAVESEND,brooklyn,NY",Prop595
"143 AVENUE O,GRAVESEND,brooklyn,NY",Prop596
"1489 EAST 8 STREET,OCEAN PARKWAY-NORTH,brooklyn,NY",Prop597
"1570 WEST 10 STREET,GRAVESEND,brooklyn,NY",Prop598
"1569 WEST 7 STREET,GRAVESEND,brooklyn,NY",Prop599
"1562 WEST 6 STREET,GRAVESEND,brooklyn,NY",Prop600
"1620 EAST 2 STREET,OCEAN PARKWAY-NORTH,brooklyn,NY",Prop601
"1642 WEST 9 STREET,GRAVESEND,brooklyn,NY",Prop602
"214 AVENUE P,GRAVESEND,brooklyn,NY",Prop603
"1633 WEST 6 STREET,GRAVESEND,brooklyn,NY",Prop604
"1725 STILLWELL AVENUE,GRAVESEND,brooklyn,NY",Prop605
"202 QUENTIN ROAD,GRAVESEND,brooklyn,NY",Prop606
"355 KINGS HIGHWAY,GRAVESEND,brooklyn,NY",Prop607
"379 KINGS HIGHWAY,GRAVESEND,brooklyn,NY",Prop608
"860 EAST 16 STREET,MIDWOOD,brooklyn,NY",Prop609
"1494 OCEAN AVENUE,MIDWOOD,brooklyn,NY",Prop610
"1322 EAST 14 STREET,MIDWOOD,brooklyn,NY",Prop611
"1384 EAST 19 STREET,MIDWOOD,brooklyn,NY",Prop612
"1544 EAST 13 STREET,MIDWOOD,brooklyn,NY",Prop613
"1530 EAST 15 STREET,MIDWOOD,brooklyn,NY",Prop614
"1773 EAST 19 STREET,MADISON,brooklyn,NY",Prop615
"1576 EAST 15 STREET,MIDWOOD,brooklyn,NY",Prop616
"1408 AVENUE O,MIDWOOD,brooklyn,NY",Prop617
"1811 AVENUE P,MIDWOOD,brooklyn,NY",Prop618
"1549 EAST 18 STREET,MIDWOOD,brooklyn,NY",Prop619
"2072 OCEAN AVENUE,MIDWOOD,brooklyn,NY",Prop620
"1689 EAST 21 STREET,MIDWOOD,brooklyn,NY",Prop621
"2120 OCEAN AVENUE,MADISON,brooklyn,NY",Prop622
"1674 EAST 22 STREET,MADISON,brooklyn,NY",Prop623
"1720 EAST 14 STREET,MADISON,brooklyn,NY",Prop624
"1749 EAST 16 STREET,MADISON,brooklyn,NY",Prop625
"1812 QUENTIN ROAD,MADISON,brooklyn,NY",Prop626
"1728 EAST 19 STREET,MADISON,brooklyn,NY",Prop627
"1764 EAST 19 STREET,MADISON,brooklyn,NY",Prop628
"1765 EAST 19 STREET,MADISON,brooklyn,NY",Prop629
"1833 EAST 13 STREET,MADISON,brooklyn,NY",Prop630
"1835 EAST 14 STREET,MADISON,brooklyn,NY",Prop631
"177 BAY 49 STREET,GRAVESEND,brooklyn,NY",Prop632
"2546 WEST 15 STREET,GRAVESEND,brooklyn,NY",Prop633
"2121 SHORE PARKWAY SR NOR,GRAVESEND,brooklyn,NY",Prop634
"2882 WEST 15 STREET,CONEY ISLAND,brooklyn,NY",Prop635
"279 LAKE STREET,GRAVESEND,brooklyn,NY",Prop636
"802 AVENUE U,OCEAN PARKWAY-SOUTH,brooklyn,NY",Prop637
"611 BANNER AVENUE,BRIGHTON BEACH,brooklyn,NY",Prop638
"2827 OCEAN PARKWAY,BRIGHTON BEACH,brooklyn,NY",Prop639
"2803 OCEAN PARKWAY,BRIGHTON BEACH,brooklyn,NY",Prop640
"2955 SHELL ROAD,CONEY ISLAND,brooklyn,NY",Prop641
"501 SURF AVENUE,CONEY ISLAND,brooklyn,NY",Prop642
"3111 OCEAN PARKWAY,BRIGHTON BEACH,brooklyn,NY",Prop643
"3080 WEST 1 STREET,CONEY ISLAND,brooklyn,NY",Prop644
"1400 AVENUE S,MADISON,brooklyn,NY",Prop645
"2384 OCEAN AVENUE,MADISON,brooklyn,NY",Prop646
"2408 OCEAN AVENUE,MADISON,brooklyn,NY",Prop647
"2388 OCEAN AVENUE,MADISON,brooklyn,NY",Prop648
"2421 OCEAN AVENUE,MADISON,brooklyn,NY",Prop649
"2381 OCEAN AVENUE,MADISON,brooklyn,NY",Prop650
"2511 OCEAN AVENUE,MADISON,brooklyn,NY",Prop651
"2471 OCEAN AVENUE,MADISON,brooklyn,NY",Prop652
"2475 OCEAN AVENUE,MADISON,brooklyn,NY",Prop653
"2523 OCEAN AVENUE,MADISON,brooklyn,NY",Prop654
"2126 HOMECREST AVENUE,SHEEPSHEAD BAY,brooklyn,NY",Prop655
"2569 OCEAN AVENUE,SHEEPSHEAD BAY,brooklyn,NY",Prop656
"2736 OCEAN AVENUE,SHEEPSHEAD BAY,brooklyn,NY",Prop657
"2752 OCEAN AVENUE,SHEEPSHEAD BAY,brooklyn,NY",Prop658
"2781 OCEAN AVENUE,SHEEPSHEAD BAY,brooklyn,NY",Prop659
"2475 EAST 11 STREET,SHEEPSHEAD BAY,brooklyn,NY",Prop660
"1208 SHEEPSHEAD BAY ROAD,SHEEPSHEAD BAY,brooklyn,NY",Prop661
"2573 EAST 14 STREET,SHEEPSHEAD BAY,brooklyn,NY",Prop662
"2570 EAST 17 STREET,SHEEPSHEAD BAY,brooklyn,NY",Prop663
"2900 OCEAN AVENUE,SHEEPSHEAD BAY,brooklyn,NY",Prop664
"2900 OCEAN AVENUE,SHEEPSHEAD BAY,brooklyn,NY",Prop665
"2617 EAST 16 STREET,SHEEPSHEAD BAY,brooklyn,NY",Prop666
"2615 EAST 17 STREET,SHEEPSHEAD BAY,brooklyn,NY",Prop667
"2012 JEROME AVENUE,SHEEPSHEAD BAY,brooklyn,NY",Prop668
"1733 OCEAN AVENUE,MIDWOOD,brooklyn,NY",Prop669
"538 EAST 86 STREET,CANARSIE,brooklyn,NY",Prop670
"751 EAST 89 STREET,CANARSIE,brooklyn,NY",Prop671
"1029 EAST 86 STREET,CANARSIE,brooklyn,NY",Prop672
"1364 EAST 92 STREET,CANARSIE,brooklyn,NY",Prop673
"9204 AVENUE N,CANARSIE,brooklyn,NY",Prop674
"1930 BERGEN AVENUE,BERGEN BEACH,brooklyn,NY",Prop675
"5923 STRICKLAND AVENUE,MILL BASIN,brooklyn,NY",Prop676
"2943 BRIGHTON 4 STREET,BRIGHTON BEACH,brooklyn,NY",Prop677
"2955 BRIGHTON 4 STREET,BRIGHTON BEACH,brooklyn,NY",Prop678
"2964 BRIGHTON 6 STREET,BRIGHTON BEACH,brooklyn,NY",Prop679
"2955 BRIGHTON 7 STREET,BRIGHTON BEACH,brooklyn,NY",Prop680
"727 OCEAN VIEW AVENUE,BRIGHTON BEACH,brooklyn,NY",Prop681
"120 OCEAN VIEW AVENUE,BRIGHTON BEACH,brooklyn,NY",Prop682
"93 WYCKOFF AVENUE,BRIGHTON BEACH,brooklyn,NY",Prop683
"728 OCEAN VIEW AVENUE,BRIGHTON BEACH,brooklyn,NY",Prop684
"3145 BRIGHTON 4 STREET,BRIGHTON BEACH,brooklyn,NY",Prop685
"2 WEST END AVENUE,BRIGHTON BEACH,brooklyn,NY",Prop686
"1151 BRIGHTON BEACH AVENU,BRIGHTON BEACH,brooklyn,NY",Prop687
"134 WEST END AVENUE,BRIGHTON BEACH,brooklyn,NY",Prop688
"150 OCEANA DRIVE,BRIGHTON BEACH,brooklyn,NY",Prop689
"120 OCEANA DRIVE,BRIGHTON BEACH,brooklyn,NY",Prop690
"130 OCEANA DRIVE,BRIGHTON BEACH,brooklyn,NY",Prop691
"60 OCEANA DRIVE,BRIGHTON BEACH,brooklyn,NY",Prop692
"40 OCEANA DRIVE,BRIGHTON BEACH,brooklyn,NY",Prop693
"75 OCEANA DRIVE EAST,BRIGHTON BEACH,brooklyn,NY",Prop694
"70 OCEANA DRIVE WEST,BRIGHTON BEACH,brooklyn,NY",Prop695
"45 OCEANA DRIVE,BRIGHTON BEACH,brooklyn,NY",Prop696
"125 OCEANA DRIVE EAST,BRIGHTON BEACH,brooklyn,NY",Prop697
"3411 GUIDER AVENUE,SHEEPSHEAD BAY,brooklyn,NY",Prop698
"55 OCEANA DRIVE EAST,BRIGHTON BEACH,brooklyn,NY",Prop699
"105 OCEANA DRIVE EAST,BRIGHTON BEACH,brooklyn,NY",Prop700
"65 OCEANA DRIVE EAST,BRIGHTON BEACH,brooklyn,NY",Prop701
"200 CORBIN PLACE,BRIGHTON BEACH,brooklyn,NY",Prop702
"1182 BRIGHTON BEACH AVENU,BRIGHTON BEACH,brooklyn,NY",Prop703
"3368 SHORE PARKWAY SR SOU,SHEEPSHEAD BAY,brooklyn,NY",Prop704
"3360 SHORE PARKWAY SR SOU,SHEEPSHEAD BAY,brooklyn,NY",Prop705
"1711 SHEEPSHEAD BAY ROAD,SHEEPSHEAD BAY,brooklyn,NY",Prop706
"3567 SHORE PARKWAY SR NOR,SHEEPSHEAD BAY,brooklyn,NY",Prop707
"2806 EAST 23 STREET,SHEEPSHEAD BAY,brooklyn,NY",Prop708
"2800 EAST 29 STREET,SHEEPSHEAD BAY,brooklyn,NY",Prop709
"4050 NOSTRAND AVENUE,SHEEPSHEAD BAY,brooklyn,NY",Prop710
"3105 EMMONS AVENUE,SHEEPSHEAD BAY,brooklyn,NY",Prop711
"2833 FORD STREET,SHEEPSHEAD BAY,brooklyn,NY",Prop712
"3415 GUIDER AVENUE,SHEEPSHEAD BAY,brooklyn,NY",Prop713
"3429 GUIDER AVENUE,SHEEPSHEAD BAY,brooklyn,NY",Prop714
"2784 EAST 12 STREET,SHEEPSHEAD BAY,brooklyn,NY",Prop715
"3392 GUIDER AVENUE,SHEEPSHEAD BAY,brooklyn,NY",Prop716
"2801 EAST 11 STREET,SHEEPSHEAD BAY,brooklyn,NY",Prop717
